United States of America,615
Saudi Arabia,32
Guyana,7
Turkey,102
Djibouti,4
Bermuda,2
Greece,75
Gambia,3
Eswatini,4
Liberia,3
Bhutan,3
Belgium,125
Ethiopia,42
Benin,7
Niger,7
Costa Rica,13
San Marino,4
Syrian Arab Republic,6
Democratic Republic of the Congo,7
Saint Lucia,5
Burundi,6
Iceland,4
South Sudan,2
Suriname,3
Spain,324
Switzerland,115
Georgia,35
Romania,99
Yemen,3
Somalia,2
Ecuador,46
New Zealand,202
Guam,5
Madagascar,6
Cook Islands,6
Barbados,7
Luxembourg,11
St Vincent and the Grenadines,2
Grenada,6
Central African Republic,2
Myanmar,2
Malaysia,29
Morocco,48
Austria,72
Portugal,85
India,117
Samoa,8
Trinidad and Tobago,31
Bulgaria,41
Denmark,103
Panama,9
Hong Kong, China,40
Mongolia,43
Slovenia,51
Nicaragua,8
Republic of Moldova,19
Bosnia and Herzegovina,7
Saint Kitts and Nevis,2
Namibia,11
Libya,4
Bangladesh,6
Refugee Olympic Team,26
Israel,85
Papua New Guinea,7
Lebanon,6
Virgin Islands, US,4
Kosovo,10
Chad,3
France,377
South Africa,171
Tunisia,57
Brazil,291
People's Republic of China,401
Latvia,29
Oman,5
Iraq,4
Jamaica,60
Ghana,14
Afghanistan,5
Seychelles,5
Chinese Taipei,67
Palau,3
American Samoa,5
Belize,3
Burkina Faso,7
Antigua and Barbuda,6
Sudan,5
Azerbaijan,41
Qatar,14
Uzbekistan,63
El Salvador,5
Monaco,6
Pakistan,10
Serbia,83
Ukraine,152
Peru,33
Belarus,104
Croatia,57
Thailand,39
Democratic Republic of Timor-Leste,3
Great Britain,366
Hungary,155
Angola,20
Cuba,69
Argentina,180
Guinea,5
Slovakia,38
Cayman Islands,5
United Republic of Tanzania,2
Cambodia,3
Zimbabwe,5
Germany,400
Canada,368
Jordan,11
Poland,195
Lithuania,37
Puerto Rico,35
Brunei Darussalam,2
Cï¿½te d'Ivoire,29
Senegal,9
Tajikistan,8
Estonia,33
Botswana,13
Uruguay,11
Togo,4
Kiribati,3
Guinea-Bissau,4
Lesotho,2
Norway,92
Nauru,2
Palestine,4
Sweden,129
Dominican Republic,61
Malawi,5
Lao People's Democratic Republic,4
Mali,4
Virgin Islands, British,3
Australia,470
Kazakhstan,92
Armenia,16
Ireland,116
Uganda,24
Montenegro,35
Fiji,28
Gabon,5
Bahrain,31
Mauritania,2
ROC,318
Mexico,155
United Arab Emirates,4
Finland,45
Zambia,29
Mauritius,7
Tonga,5
Vietnam,17
Comoros,3
Equatorial Guinea,3
Liechtenstein,5
Italy,356
Indonesia,26
Malta,6
Colombia,64
Algeria,41
Kuwait,10
Paraguay,8
Bahamas,16
Sierra Leone,4
Nepal,5
Marshall Islands,2
Dominica,2
Chile,56
Maldives,4
Japan,586
Sri Lanka,9
Federated States of Micronesia,3
Kyrgyzstan,16
Sao Tome and Principe,3
Aruba,3
Mozambique,8
Islamic Republic of Iran,66
Egypt,133
Rwanda,5
Honduras,25
Haiti,6
Guatemala,22
Bolivia,5
Eritrea,13
Andorra,2
Tuvalu,2
Netherlands,274
Singapore,23
Cyprus,14
Nigeria,59
Congo,3
Kenya,78
Cape Verde,6
Venezuela,43
Republic of Korea,223
Philippines,18
Czech Republic,117
Cameroon,11
Turkmenistan,8
North Macedonia,8
Albania,8
Vanuatu,2
Solomon Islands,3
